{"independence": {"Latin America": 0.0979381443298969, "Spain": 0.4475945017182131, "Other": 0.01804123711340206, "Maghreb": 0.0781786941580756, "Europe": 0.02663230240549828}, "seperation": {"Latin America": [0.07042253521126761, 0.026785714285714284], "Spain": [0.09871244635193133, 0.023529411764705882], "Other": [0.14285714285714285, 0.0], "Maghreb": [0.20512820512820512, 0.10714285714285714], "Europe": [0.0625, 0.09090909090909091]}, "sufficiency": {"Latin America": [0.625, 0.37714285714285717], "Spain": [0.6571428571428571, 0.2966101694915254], "Other": [1.0, 0.23076923076923078], "Maghreb": [0.64, 0.45255474452554745], "Europe": [0.25, 0.3333333333333333]}}