{"independence": {"male": 0.5919243986254296, "female": 0.13144329896907217}, "seperation": {"male": [0.352112676056338, 0.07389162561576355], "female": [0.1, 0.013333333333333334]}, "sufficiency": {"male": [0.7352941176470589, 0.28967254408060455], "female": [0.7142857142857143, 0.23316062176165803]}}