{"independence": {"Spain": 0.36363636363636365, "Maghreb": 0.2727272727272727}, "seperation": {"Spain": [1.0, 1.0], "Maghreb": [0.3333333333333333, 0.0]}, "sufficiency": {"Spain": [0.6666666666666666, 0.0], "Maghreb": [1.0, 0.5]}}