{"independence": {"Latin America": 0.09621993127147767, "Spain": 0.4381443298969072, "Other": 0.01718213058419244, "Maghreb": 0.07216494845360824, "Europe": 0.028350515463917526}, "seperation": {"Latin America": [0.0, 0.0], "Spain": [0.0, 0.0], "Other": [0.0, 0.0], "Maghreb": [0.0, 0.0], "Europe": [0.0, 0.0]}, "sufficiency": {"Latin America": [0.0, 0.3879781420765027], "Spain": [0.0, 0.3135935397039031], "Other": [0.0, 0.25925925925925924], "Maghreb": [0.0, 0.48148148148148145], "Europe": [0.0, 0.32653061224489793]}}