{"independence": {"0": 0.2841031149301826, "2": 0.0719656283566058, "4": 0.023630504833512353, "3": 0.012352309344790547, "1": 0.0757250268528464}, "seperation": {"0": [0.7874659400544959, 0.7055214723926381], "2": [0.7850467289719626, 0.7382198952879581], "4": [0.7941176470588235, 0.711864406779661], "3": [0.8333333333333334, 0.6486486486486487], "1": [0.8608695652173913, 0.664]}, "sufficiency": {"0": [0.33449074074074076, 0.24528301886792453], "2": [0.37333333333333335, 0.3150684931506849], "4": [0.391304347826087, 0.2916666666666667], "3": [0.29411764705882354, 0.13333333333333333], "1": [0.5439560439560439, 0.27586206896551724]}}