{"independence": {"Latin America": 0.10652920962199312, "Spain": 0.4725085910652921, "Other": 0.01718213058419244, "Maghreb": 0.09707903780068729, "Europe": 0.03006872852233677}, "seperation": {"Latin America": [0.2676056338028169, 0.0625], "Spain": [0.2703862660944206, 0.045098039215686274], "Other": [0.14285714285714285, 0.05], "Maghreb": [0.48717948717948717, 0.10714285714285714], "Europe": [0.5625, 0.21212121212121213]}, "sufficiency": {"Latin America": [0.7307692307692307, 0.33121019108280253], "Spain": [0.7325581395348837, 0.258751902587519], "Other": [0.5, 0.24], "Maghreb": [0.8085106382978723, 0.34782608695652173], "Europe": [0.5625, 0.21212121212121213]}}